scapula_sacrum_tail_angle,tail_angle_diff,tail_movement_1s,tail_movement_2s,tail_movement_3s,emotion
90.997651051968,,,,,0
95.89800391887093,4.900352866902907,4.900352866902907,4.900352866902907,4.900352866902907,0
104.0025684437982,8.104564524927284,13.00491739183019,13.00491739183019,13.00491739183019,0
106.91165192560275,2.909083481804572,15.914000873634762,15.914000873634762,15.914000873634762,0
105.55993126554904,1.3517206600537293,17.26572153368849,17.26572153368849,17.26572153368849,0
102.27323141162704,3.286699853921988,20.55242138761048,20.55242138761048,20.55242138761048,0
100.39589041926985,1.8773409923572049,22.429762379967684,22.429762379967684,22.429762379967684,0
93.63806375865124,6.757826660618605,29.18758904058629,29.18758904058629,29.18758904058629,0
40.37980837320222,53.25825538544902,82.44584442603531,82.44584442603531,82.44584442603531,0
135.1656267905254,94.78581841732318,177.2316628433585,177.2316628433585,177.2316628433585,0
6.203118310596985,128.96250847992843,306.1941713232869,306.1941713232869,306.1941713232869,0
2.6640526276547547,3.5390656829422307,304.83288413932627,309.7332370062292,309.7332370062292,0
107.8840673223858,105.22001469473103,401.94833430913,414.9532517009602,414.9532517009602,0
17.489993662288096,90.39407366009767,489.4333244874231,505.3473253610578,505.3473253610578,0
123.50561297753184,106.01561931524373,594.0972231426131,611.3629446763016,611.3629446763016,0
95.98484028768898,27.520772689842843,618.331295978534,638.8837173661444,638.8837173661444,0
92.48673215795148,3.4981081297375027,619.9520631159143,642.3818254958819,642.3818254958819,0
91.68636737184237,0.8003647861091139,613.9946012414048,643.1821902819911,643.1821902819911,0
2.657561116417708,89.02880625542466,649.7651521113803,732.2109965374157,732.2109965374157,0
94.2572113802567,91.599650263839,646.5789839578963,823.8106468012547,823.8106468012547,0
87.87653584992525,6.380675530331459,523.9971510082993,830.1913223315862,830.1913223315862,0
3.7832963791456273,84.09323947077962,604.5513247961367,909.3842089354628,914.2845618023658,0
16.287676158900382,12.504379779754755,511.8356898811604,913.7840241902904,926.7889415821204,0
3.8893186207653367,12.398357538135045,433.8399737591977,923.2732982466208,939.1872991202556,0
62.21324705311722,58.323928432351885,386.1482828763058,980.245506018919,997.5112275526076,0
60.60832511838381,1.6049219347334116,360.2324321211965,978.5637280997304,999.1161494873407,0
66.10754858807559,5.499223469691778,362.2335474611507,982.1856105770652,1004.6153729570328,0
0.6049516242016992,65.50259696387388,426.9357796389155,1040.9303808803202,1070.1179699209065,0
29.07642258709196,28.47147096289026,366.3784443463811,1016.1435964577614,1098.589440883797,0
77.5312022374679,48.45477965037594,323.23357373291805,969.8125576908142,1147.0442205341728,0
3.651698021235579,73.87950421623232,390.7324024188189,914.7295534271182,1220.9237247504052,0
94.53044497441564,90.87874695318008,397.51790990121935,1002.069234697356,1306.902118836682,0
84.16310443541596,10.367340538999684,395.38087066046427,907.2165605416246,1309.1648948507548,0
54.6713984229011,29.49170601251486,412.4742191348441,846.3141928940419,1335.747517381465,0
2.037732460608249,52.63366596229285,406.7839566647851,792.932239541091,1387.029462683704,0
52.32056912329088,50.28283666268264,455.4618713927343,815.6943035139308,1434.0255994924646,0
51.195477085242864,1.1250920380480167,451.08773996109056,813.3212874222413,1433.2733505381557,0
51.00902480995046,0.1864522752924031,385.77159527250905,812.7073749114245,1426.7019761528293,0
178.27358106094945,127.264556250999,484.5646805606178,850.943124906999,1500.7082770183792,0
176.19705039497933,2.0765306659701253,438.18643157621193,761.42000530913,1407.9989892670262,0
0.249561829699954,175.94748856527937,540.2544159252591,930.9868183440778,1454.9839693523772,0
174.0644490215367,173.81488719183673,623.1905561639156,1020.708466065135,1625.2597908612718,0
174.3565585941003,0.2921095725636178,613.1153251974796,1008.496195857944,1520.3318857391043,0
174.58199926892655,0.2254406748262454,583.8490598597909,996.3232789946352,1430.1632527538327,0
174.30557686210255,0.2764224068239969,531.4918163043221,938.2757729691072,1324.424055845413,0
172.34071703822437,1.9648598238781856,483.1738394655177,938.635710858252,1298.8681429794483,0
171.07949245166355,1.2612245865608145,483.3099720140305,934.397711975121,1296.631259436272,0
170.41413926219604,0.6653531894675098,483.7888729282056,869.5604682007146,1296.49624783963,0
169.7634332391014,0.6507060230946422,357.17502270030127,841.7397032609191,1208.1181476073002,0
171.2830737444582,1.51964050535679,356.618132539688,794.8045641158999,1118.038137848818,0
171.27091965730375,0.0121540871544425,180.68279806156292,720.937213986822,1111.669616405641,0
170.749175811539,0.5217438457647461,7.389654715490991,630.5802108794066,1028.0981207806262,0
171.22521481114333,0.4760389996043273,7.573584142531699,620.6889093400114,1016.0697800004756,0
170.7043708468805,0.5208439642628662,7.868987431968321,591.7180472917593,1004.1922664266034,0
170.52609354754006,0.178277299340408,7.770842324484732,539.2626586288068,946.046615293592,0
170.84685318604917,0.3207596385091165,6.126742139115663,489.30058160463335,944.7624529973676,0
171.21469560842996,0.3678424223807894,5.233359974935638,488.5433319889661,939.6310719500566,0
171.43754398132126,0.222848372891292,4.79085515835942,488.579728086565,874.3513233590741,0
171.17010242782086,0.2674415535003902,4.407590688765168,361.5826133890664,846.1472939496842,0
170.62079680215336,0.5493056256675004,3.4372558090758787,360.0553883487638,798.2418199249757,0
170.26815681906828,0.3526399830850835,3.77774170500652,184.4605397665695,724.7149556918285,0
169.7000176874748,0.5681391315934832,3.8241369908352567,11.213791706326248,634.404347870242,0
168.87024386427717,0.8297738231976268,4.177871814428556,11.751455956960257,624.8667811544399,0
167.93194127348457,0.9383025907926026,4.595330440958293,12.464317872926614,596.3133777327175,0
167.10856048537016,0.823380788114406,5.240433929732291,13.011276254217025,544.5030925585392,0
165.95458345734258,1.1539770280275832,6.073651319250757,12.20039345836642,495.3742329238841,0
165.22486273796673,0.7297207193758481,6.435529616245816,11.668889591181454,494.97886160521193,0
163.81895684423006,1.4059058937366729,7.618587137091197,12.409442295450615,496.1983152236562,0
162.75685430808417,1.0621025361458862,8.413248119736693,12.82083880850186,369.9958615088031,0
161.94666405704734,0.8101902510368291,8.674132745106022,12.1113885541819,368.7295210938698,0
160.72191662556943,1.2247474314779083,9.546240193498846,13.323981898505366,194.0067799600684,0
159.7607073206994,0.9612093048700387,9.939310366775402,13.76344735761066,21.15310207310165,0
158.9593905962897,0.8013167244097303,9.910853267987504,14.088725082416062,21.66230922494776,0
158.1429060230344,0.8164845732552521,9.789035250450157,14.384365691408448,22.25335312337677,0
158.0098694987286,0.1330365243058224,9.098690986641571,14.339124916373862,22.109967240858595,0
158.0379628749749,0.0280933762463178,7.972807334860306,14.046458654111063,20.173200793226727,0
158.08324461964588,0.045281744670973,7.288368360155431,13.723897976401249,18.957257951336885,0
158.1372859594047,0.054041339758811,5.936503806177569,13.555090943268766,18.345946101628183,0
158.01037804920313,0.1269079102015666,5.00130918023325,13.414557299969944,17.82214798873511,0
158.0087567323178,0.0016213168853198,4.1927402460817405,12.866872991187762,16.30412880026364,0
157.669910856165,0.338845876152817,3.306838690756649,12.853078884255495,16.630820589262015,0
157.25802051945328,0.411890336711707,2.757519722598317,12.69683008937372,16.520967080208976,0
156.9970918887411,0.2609286307121863,2.2171316289007734,12.12798489688828,16.305856711316835,0
156.9997955139725,0.0027036252313905,1.4033506808769118,11.192385931327069,15.78771637228536,0
156.76791747951458,0.2318780344579067,1.502192191028996,10.600883177670568,15.841317107402858,0
156.6800901836619,0.0878272958526906,1.561926110635369,9.534733445495675,15.608384764746432,0
156.51157097265812,0.168519211003769,1.685163576968165,8.973531937123596,15.409061553369412,0
156.06176608464355,0.4498048880145688,2.0809271252239228,8.017430931401492,15.636018068492689,0
155.9094282391215,0.1523378455220552,2.106357060544412,7.107666240777661,15.520914360514354,0
155.78189780094218,0.1275304381793205,2.232266181838412,6.425006427920152,15.099139173026174,0
155.83811845699572,0.0562206560535401,1.949640961739135,5.256479652495784,14.80271984599463,0
155.91359096747036,0.0754725104746398,1.613223135502068,4.370742858100385,14.310053224875787,0
155.93562107122483,0.0220301037544743,1.374324608544356,3.5914562374451293,13.502309505432637,0
156.30494633624136,0.3693252650165277,1.740946248329493,3.144296929206405,12.93333217965656,0
156.21432373169796,0.0906226045433982,1.5996908184149845,3.1018830094439807,12.200573996085552,0
156.5261060503086,0.3117823186106534,1.823645841172948,3.3855719518083163,11.358379286668622,0
156.62872824266293,0.1026221923543175,1.7577488225234958,3.442912399491661,10.731280759647092,0
156.67550628292972,0.046778040266787,1.354721974775714,3.4356490999996367,9.372152906177206,0
156.42284525972713,0.2526610232025916,1.4550451524562504,3.5614022130006617,8.562711393233911,0
156.2707261733472,0.1521190863799404,1.4796338006568703,3.7118999824952814,7.904640228577023,0
156.3253491464272,0.0546229730800007,1.478036117683331,3.427677079422466,6.734515770179115,0
156.1218410198579,0.2035081265692895,1.6060717337779806,3.2192948692800485,5.976814591878366,0
156.19629213994216,0.0744511200842623,1.6584927501077686,3.0328173586521245,5.249948987552898,0
155.95707325325853,0.2392188866836306,1.5283863717748716,3.2693326201043647,4.6726833009812765,0
155.55977374718867,0.3972995060698565,1.83506327330133,3.4347540917163144,4.936946282745311,0
155.51146767338824,0.0483060738004326,1.571587028491109,3.3952328696640564,4.957158980299425,0
155.45697653969876,0.0544911336894813,1.5234559698262728,3.2812047923497687,4.966368369317934,0
155.08733216798572,0.3696443717130364,1.8463223012725225,3.2010442760482363,5.281971401272159,0
154.90215558062732,0.1851765873583986,1.7788378654283292,3.23388301788458,5.340240078428991,0
154.69868765627632,0.2034679243510027,1.8301867033993915,3.309820504056262,5.542086685894674,0
154.30604597328946,0.3926416829868628,2.1682054133062536,3.6462415309895846,5.59588249272872,0
153.67349509774223,0.6325508755472242,2.5972481622841883,4.203319896062169,5.816543031564237,0
153.5564439466463,0.1170511510959215,2.6398481932958475,4.298340943403616,5.672665551947972,0
153.644125797765,0.0876818511186741,2.488311157730891,4.0166975295057625,5.757643777835256,0
153.4086402431142,0.2354855546507792,2.3264972063118137,4.161560479613144,5.761251298028128,0
153.98829690874777,0.5796566656335642,2.8578477981449453,4.429434826636054,6.253080667809002,0
154.24185799913027,0.2535610903825045,3.0569177548379685,4.580373724664241,6.338122547187737,0
154.12138246430135,0.1204755348289268,2.807748917953859,4.654071219226381,6.008793194002095,0
153.96059863631993,0.1607838279814188,2.783356158576879,4.562194024005208,6.017239176461459,0
154.36048112975303,0.3998824934331253,2.9797707276590017,4.809957431058393,6.289591231715264,0
155.01493332660328,0.6544521968502295,3.2415812415223684,5.409786654828622,6.887822772511953,0
155.18796204178767,0.1730287151843867,2.782059081159531,5.379307243443719,6.9853789772217,0
155.26314786830153,0.0751858265138594,2.7401937565774688,5.380041949873316,7.038534699981085,0
154.61832628501338,0.6448215832881488,3.2973334887469434,5.785644646477834,7.314031018252706,0
154.27201844742623,0.3463078375871475,3.408155771683312,5.734652977995125,7.569716251296455,0
153.80142176624162,0.4705966811846167,3.2990957872343643,6.1569435853793095,7.728530613870419,0
153.07164539762715,0.7297763686144663,3.775311065466326,6.832228820304295,8.355684790130567,0
152.85262625394648,0.2190191436806685,3.873854674318068,6.681603592271927,8.527925893544449,0
152.23978379451782,0.6128424594286628,4.325913305765312,7.109269464342191,8.88810732977052,0
151.7397140481399,0.5000697463779318,4.426100558710118,7.40587128636912,9.236057989768511,0
151.37735802402565,0.3623560241142343,4.134004385974123,7.375585627496491,9.543791040802745,0
151.67418347226766,0.2968254482420036,4.25780111903174,7.039860200191271,9.63710836247546,0
151.3701691754868,0.3040142967808492,4.48662958929873,7.226823345876198,9.866671539172046,0
151.1266989172845,0.2434702582023078,4.085278264212889,7.382611752959832,9.870922910690725,0
150.92142118205868,0.2052777352258203,3.9442481618515615,7.352403933534873,9.678901139846689,0
150.91248712597562,0.0089340560830635,3.4825855367500083,6.7816813239843725,9.639529122129318,0
150.98102193964942,0.0685348136738071,2.821343981809349,6.596655047275675,9.653572802113644,0
150.63578602154882,0.3452359181005988,2.94756075622928,6.821415430547347,9.629164348501206,0
150.59280100501698,0.0429850165318441,2.3777033133324608,6.703616619097772,9.486972777674652,0
150.3195636821636,0.2732373228533902,2.150870889807919,6.576971448518037,9.55674217617704,0
150.07042606388254,0.249137618281054,2.037652483974739,6.171656869948862,9.41323811147123,0
149.94698096386816,0.1234451000143792,1.8642721357471144,6.122073254778854,8.904132335938385,0
149.76343025019668,0.1835507136714795,1.743808552637745,6.2304381419364745,8.970631898513943,0
149.613586355039,0.1498438951576872,1.6501821895931243,5.735460453806013,9.032793942552956,0
149.52906902584428,0.0845173291947105,1.5294217835620143,5.473669945413576,8.881825717096888,0
149.1076712522074,0.421397773636869,1.94188550111582,5.424471037865828,8.723566825100193,0
149.42069162911326,0.3130203769058539,2.186371064347867,5.007715046157216,8.783026111623542,0
149.27343210227144,0.1472595268418217,1.9883946730890896,4.935955429318369,8.809810103636437,0
149.2272365198586,0.0461955824128494,1.9916052389700951,4.369308552302556,8.695221858067868,0
149.28526547897803,0.05802895911944,1.776396875236145,3.927267765044064,8.353368323754182,0
149.30176389465183,0.0164984156737943,1.5437576726288853,3.5814101566036243,7.715414542577747,0
149.30788189513203,0.0061180004801997,1.4264305730947058,3.2907027088418204,7.54850382787356,0
149.14757685560846,0.1603050395235641,1.4031848989467903,3.146993451584536,7.633623040883265,0
148.8265203787463,0.321056476862168,1.574397480651271,3.2245796702443954,7.309857934457284,0
148.38910257425874,0.4374178044875521,1.9272979559441128,3.456719739506127,7.400967901357689,0
147.74928957691054,0.6398129973482014,2.145713179655445,4.087598680771265,7.570184217521273,0
147.11042719512363,0.6388623817869075,2.4715551845364985,4.657926248884365,7.479270230693714,0
146.33847183094812,0.7719553641755112,3.096251021870188,5.084645694959278,8.032206451188557,0
145.6606342773873,0.6778375535608347,3.727892993018173,5.719498231988268,8.097201545320729,0
145.55822731259178,0.1024069647955059,3.772270998694239,5.548667873930384,7.699538763738303,0
145.60392568350267,0.045698370910884,3.8014709539313287,5.345228626560214,7.382881110534953,0
145.31185043553913,0.2920752479635382,4.087428201414667,5.513858774509373,7.378130910256488,0
145.34770521441882,0.0358547788796954,3.962977940770799,5.366162839717589,7.109971392355334,0
145.19550702867525,0.1521981857435719,3.7941196496522025,5.3685171303034736,7.018699319896598,0
144.78052400598685,0.4149830226884035,3.771684867853054,5.698982823797167,7.228404607359181,0
144.64408115415958,0.1364428518272689,3.2683147223321214,5.414027901987566,7.355913403103386,0
144.8091082681768,0.1650271140172208,2.7944794545624347,5.266034639098933,7.4524057034468,0
145.1635057612124,0.3543974930356057,2.376921583422529,5.473172605292717,7.461567278381807,0
144.82872717067897,0.3347785905334319,2.0338626203951264,5.7617556134133,7.753360852383395,0
144.6100095577268,0.2187176129521617,2.1501732685517823,5.922444267246021,7.698841142482166,0
144.46285039658113,0.1471591611456801,2.2516340587865784,6.053105012717907,7.596862685346792,0
144.3420579269316,0.1207924696495297,2.08035128047257,6.167779481887237,7.594210054981943,0
144.11666569143594,0.2253922354956614,2.269888737088536,6.232866677859335,7.636051576806125,0
143.8875151268739,0.2291505645620475,2.3468411159070115,6.140960765559214,7.715358246210485,0
143.93932756562128,0.0518124387473903,1.9836705319659984,5.755355399819052,7.682653355763165,0
143.74939552084564,0.1899320447756451,2.0371597249143747,5.305474447246496,7.451187626901941,0
142.89359355988697,0.8558019609586722,2.727934571855826,5.522414026418261,7.993969210954759,0
142.7045782740348,0.1890152858521787,2.562552364672399,4.939473948094928,8.035724969965116,0
142.2578718745052,0.4467063995295746,2.6744801736685417,4.708342794063668,8.436235787081841,0
141.8066653140851,0.4512065604201041,2.906969121136484,5.057142389688266,8.829413388382505,0
141.8363818130256,0.0297164989405018,2.789526458931306,5.041160517717884,8.842631471649213,0
141.81860891076184,0.017772902263772,2.686506891545548,4.766858172018118,8.854286373432785,0
142.11468470841797,0.2960757976561297,2.7571904537060163,5.027079190794552,8.99005713156535,0
142.79247958234572,0.677794873927752,3.2058347630717208,5.552675878978732,9.346795528630937,0
142.9441746487826,0.1516950664368721,3.3057173907612025,5.289387922727201,9.061072790580257,0
143.44285014974662,0.4986755009640262,3.614460846949584,5.651620571863958,8.91993529419608,0
144.01573996211047,0.5728898123638544,3.3315486983547657,6.059483270210592,8.853962724773027,0
144.0750426613616,0.059302699251134,3.201836111753721,5.76438847642612,8.14131005984865,0
143.8036105588522,0.2714321025094079,3.0265618147335545,5.701041988402096,7.734904608797223,0
143.67350637666476,0.1301041821874378,2.705459436500888,5.612428557637372,7.762601826189154,0
143.38765063350994,0.2858557431548263,2.9615986807152126,5.751125139646518,8.002759198433097,0
143.24957372931112,0.1380769041988117,3.081902682650252,5.7684095741958,7.84876085466837,0
142.6935079678785,0.5560657614326203,3.341892646426743,6.099083100132759,8.368971837221295,0
142.24061429887897,0.4528936689995362,3.116991441498527,6.322826204570248,8.66966732047726,0
141.71061687249545,0.5299974263835168,3.495293801445172,6.801011192206374,8.784681724172373,0
141.5960841487813,0.1145327237141486,3.111151024195294,6.725611871144878,8.762771596059252,0
141.77486555326448,0.1787814044831748,2.717042616314614,6.04859131466938,8.776525886525206,0
141.78677102455097,0.0119054712864965,2.669645388349977,5.871481500103698,8.434033864776097,0
141.96573624555484,0.1789652210038639,2.577178506844433,5.603740321577988,8.27822049524653,0
142.50068229121163,0.5349460456567954,2.98202037031379,5.687479806814679,8.594448927951163,0
142.47785965476308,0.0228226364485522,2.7189872636075165,5.680585944322729,8.470112403254035,0
142.37689535782792,0.1009642969351602,2.681874656343865,5.763777338994117,8.450284230539665,0
142.10557938129983,0.2713159765280863,2.397124871439331,5.739017517866074,8.49620797157209,0
142.01493280934346,0.0906465719563698,2.034877774396165,5.151869215894692,8.357703978966413,0
141.77414608539556,0.240786723947906,1.745667071960554,5.240960873405726,8.546678264166928,0
141.28739576619677,0.4867503191987907,2.117884667445196,5.22903569164049,8.843496538590074,0
140.9634883965506,0.3239073696461787,2.2630106326082,4.980053248922815,8.31160194727758,0
140.97568168494763,0.012193288397043,2.2632984497187465,4.932943838068724,8.134779949822445,0
140.44978918250456,0.525892502443071,2.610225731157953,5.187404238002387,8.213966052735941,0
140.17430258380276,0.2754865987018036,2.3507662842029617,5.332786654516752,8.03824609101764,0
140.00751228701483,0.1667902967879229,2.4947339445423324,5.213721208149849,8.175319888865062,0
139.66534251431582,0.3421697726990089,2.735939420306181,5.417814076650046,8.499716759300298,0
139.7806235352297,0.1152810209138408,2.579904464691936,4.977029336131267,8.31892198255801,0
139.44665150422168,0.3339720310079883,2.823229923743554,4.858107698139719,7.975099139638246,0
139.5447059593173,0.098054455095621,2.680497654891269,4.426164726851823,7.921458528296995,0
139.2964182357952,0.248287723522111,2.4420350592145894,4.5599197266597855,7.67107075085508,0
139.32704732125197,0.0306290854567805,2.1487567750251912,4.411767407633391,7.128810023948006,0
138.92863684742264,0.3984104738293297,2.534973960457478,4.798272410176224,7.4679177985262015,0
138.07497824511503,0.853658602307604,2.862740060322011,5.4729657914799645,8.050144298324398,0
138.00453559869757,0.0704426464174616,2.657696108037669,5.008462392240631,7.990482762554421,0
137.6482660823058,0.3562695163917624,2.8471753276415086,5.341909272183841,8.060896535791358,0
137.00155690823627,0.6467091740695423,3.151714729012042,5.887654149318223,8.569528805662088,0
136.34309806605518,0.6584588421810906,3.694892550279292,6.274797014971227,8.671921886410558,0
135.36988248274375,0.9732155833114292,4.3341361025827325,7.157366026326287,9.192243800722451,0
134.290136756039,1.0797457267047434,5.315827374191855,7.996325029083124,9.741992101043678,0
134.44682044186433,0.1566836858253282,5.224223336495072,7.666258395709661,9.784143063154858,0
133.49155418975286,0.9552662521114712,6.148860503149763,8.297617278174954,10.560627910783154,0
132.53286745659642,0.9586867331564406,6.709136762476874,9.244110722934352,11.507409172653098,0
132.09030784104638,0.4425596155500386,6.298037775719308,9.16077783604132,11.771003567199273,0
131.36723106635753,0.7230767746888489,6.950671903990696,9.608368012028365,11.959134296231326,0
131.8450334500124,0.4778023836548755,7.0722047712538085,9.919380098895315,12.41411404343765,0
131.75899670190654,0.0860367481058688,6.511532345290135,9.663247074302175,12.399186494608358,0
131.4932279267251,0.2657687751814421,6.118842278290487,9.813734828569778,12.393639293261714,0
132.21371118625163,0.7204832595265316,5.866109954505589,10.200246057088322,13.023475980831876,0
132.58739185979022,0.3736806735385869,5.1600449013394325,10.475872275531287,13.156369930422557,0
133.62647363403002,1.0390817742398042,6.0424429897539085,11.26666632624898,13.70870138546357,0
134.76866170461665,1.1421880705866272,6.2293648082290645,12.378225311378827,14.526982086404018,0
135.3704633838351,0.601801679218454,5.872479754291078,12.581616516767951,15.11659047722543,0
136.07710988573783,0.7066465019027248,6.136566640643764,12.434604416363072,15.297344476685083,0
136.69246106459295,0.6153511788551214,6.0288410448100365,12.979512948800732,15.6372090568384,0
136.67827424431007,0.0141868202828732,5.565225481438034,12.637430252691845,15.484605580333351,0
136.52010628368163,0.1581679606284467,5.637356693960612,12.148889039250747,15.30060376826279,0
136.0734419798734,0.4466643038082338,5.818252222587404,11.93709450087789,15.631987051157182,0
135.88845190287387,0.1849900769995258,5.282759040060398,11.148868994565987,15.48300509714872,0
135.56088169021493,0.3275702126589408,5.236648579180752,10.396693480520184,15.71252085471204,0
136.5200717870221,0.9591900968071628,5.156756901748111,11.19919989150202,16.42342322799709,0
136.52096992127397,0.0008981342518552,4.015466965413339,10.244831773642405,16.393692276792166,0
136.35545207682665,0.1655178444472937,3.5791831306421784,9.451662884933256,16.16079964741013,0
135.9450373169894,0.4104147598372663,3.28295138857672,9.419518029220484,15.717555804939792,0
135.65236465084357,0.292672666145819,2.960272875867417,8.989113920677454,15.93978582466815,0
135.85490556613948,0.2025409152959127,3.148626970880457,8.713852452318491,15.7860572235723,0
136.02281649944177,0.1679109333022665,3.158369943554277,8.795726637514889,15.307258982805024,0
136.1732700910159,0.15045359157412,2.862159231320163,8.680411453907567,14.799253732198054,0
136.01546802877093,0.1578020622449401,2.8349712165655774,8.117730256625975,13.983840211131565,0
136.24656560703306,0.2310975782621369,2.738498582168773,7.975147161349525,13.135192062688958,0
136.11569427550066,0.1308713315324041,1.910179816894015,7.0669367186421255,13.109379708396034,0
136.19192004909343,0.076225773592796,1.985507456234956,6.000974421648294,12.23033922987736,0
135.79641751621668,0.395502532876776,2.215492144664438,5.794675275306616,11.667155029597694,0
135.42828167270775,0.3681358435089237,2.1732132283360954,5.456164616912815,11.59273125755658,0
134.86428050671978,0.5640011659879747,2.444541728178251,5.404814604045669,11.433655648855703,0
134.45136626789466,0.4129142388251239,2.6549150517074622,5.803542022587919,11.368767504025952,0
133.89119377836923,0.5601724895254279,3.0471766079306235,6.2055465514849,11.842903245445513,0
133.78209952496542,0.1090942534038106,3.005817269760314,5.867976501080477,11.68622872366788,0
132.88586234589488,0.896237179070539,3.744252386585913,6.57922360315149,11.861982643211888,0
133.66401231904186,0.7781499731469808,4.291304781470757,7.02980336363953,12.266451942820282,0
133.5370036815968,0.1270086374450443,4.287442087383397,6.197621904277412,11.354378806025522,0
133.54912144007952,0.0121177584827023,4.223334072273303,6.208841528508259,10.224308493921598,0
133.42296152329885,0.126159916780665,3.953991456177192,6.16948360084163,9.748666731483809,0
132.76289110772368,0.6600704155751771,4.245926028243446,6.419139256579541,9.70209064515626,0
134.45789728159355,1.6950061738698707,5.376931036125342,7.821472764303593,10.78174564017101,0
134.00722481291712,0.45067246867643,5.414689265976648,8.06960431768411,11.218231288564567,0
133.69985124004174,0.3073735728753775,5.1618903493265975,8.209066957257221,11.367436900811498,0
133.89049695019412,0.1906457101523813,5.243441806075168,8.249259075835482,11.111418307155644,0
133.5749144253776,0.3155825248165058,4.662787151821135,8.407039538407048,11.242010754972624,0
133.17395342632472,0.4009609990528986,4.285598177727053,8.57690295919781,11.315401541366583,0
133.08746949379204,0.0864839325326727,4.245073472814681,8.532515560198078,10.442695377092091,0
132.67631085309796,0.411158640694083,4.644114355026062,8.867448427299365,10.85295588353432,0
132.8431185949212,0.1668077418232485,4.684762180068645,8.638753636245838,10.854245780910276,0
133.28175886688922,0.438640271968012,4.46333203646148,8.709258064704926,10.88247129304102,0
133.1826212713592,0.09913759553001,2.86746345812162,8.244394494246961,10.688936222425212,0
133.0241665992535,0.1584546721057051,2.5752456615508947,7.989934927527543,10.644849979235005,0
132.69726047533055,0.3269061239229529,2.59477821259847,7.756668561925068,10.803845169855691,0
132.55818987945457,0.1390705958759781,2.543203098322067,7.786644904397235,10.79246217415755,0
132.40899386557618,0.1491960138783952,2.3768165873839564,7.039603739205091,10.783856125791004,0
132.30368066717213,0.1053131984040476,2.0811687867351054,6.366766964462158,10.658071745932917,0
132.0329617298005,0.2707189373716403,2.265403791574073,6.510477264388754,10.797919351772151,0
131.39768870026543,0.6352730295350568,2.489518180415047,7.133632535441109,11.356966607714412,0
131.5730152957927,0.1753265955272525,2.4980370341190508,7.182799214187696,11.136790670364888,0
131.11423547027064,0.4587798255220434,2.518176587673082,6.9815086241345625,11.227434652378008,0
130.8308448367994,0.2833906334712424,2.7024296256143145,5.569893083735934,10.946824119861276,0
130.5031541797441,0.3276906570553137,2.871665610563923,5.446911272114818,10.861600538091466,0
129.6532945924375,0.8498595873065824,3.3946190739475526,5.989397286546023,11.15128763587262,0
128.9151004000188,0.7381941924187174,3.993742670490292,6.536945768812359,11.780387574887529,0
128.92330872184556,0.0082083218267712,3.852754978438668,6.229571565822624,10.89235871764376,0
128.56708486788114,0.3562238539644227,4.103665633999043,6.184834420734148,10.4704325984612,0
128.8215705058945,0.2544856380133637,4.087432334640766,6.352836126214839,10.59790959902952,0
129.2534399501185,0.4318694442239916,3.884028749329701,6.373546929744748,11.01766128477081,0
129.43113971026017,0.1776997601416781,3.886401913944127,6.384438948063178,11.069201128131825,0
129.9610592426988,0.5299195324386403,3.957541620860724,6.475718208533806,10.939050244995286,0
130.31099429736727,0.3499350546684638,4.024086042057945,6.72651566767226,9.59397912579388,0
130.53857300572008,0.2275787083528087,3.92397409335544,6.795639703919363,9.370885365470258,0
130.96722310613933,0.4286501004192473,3.502764606468105,6.897383680415658,9.492161893014128,0
131.24701241755588,0.2797893114165504,3.044359725465938,7.03810239595623,9.581305494278295,0
131.21719008162214,0.0298223359337441,3.065973739572911,6.918728718011579,9.295545305395535,0
130.7839145520447,0.4332755295774007,3.143025415185889,7.246691049184932,9.327859835920036,0
130.93581002395197,0.1518954719072383,3.0404352490797635,7.12786758372053,9.393271375294605,0
131.14318592131457,0.2073758973625956,2.8159417022183675,6.699970451548069,9.189488631963115,0
131.07261318687003,0.0705727344445392,2.7088146765212286,6.595216590465356,9.093253624584406,0
131.0305606487724,0.0420525380976357,2.220947682180224,6.178489303040948,8.69666589071403,0
130.98077808085904,0.0497825679133541,1.9207951954251143,5.94488123748306,8.647310863097374,0
130.96237062506654,0.0184074557924986,1.7116239428648043,5.6355980362202445,8.507263646784168,0
131.06151675500567,0.0991461299391289,1.382119972384686,4.884884578852791,8.279503652800344,0
130.74702759514508,0.3144891598605852,1.4168198208287208,4.461179546294659,8.45492221678495,0
130.71886705307733,0.0281605420677522,1.4151580269627289,4.48113176653564,8.333886744974308,0
130.68662859905,0.0322384540273219,1.01412095141265,4.157146366598539,8.260812000597582,0
130.91441537443563,0.2277867753856242,1.090012254891036,4.1304475039708,8.217879838611566,0
130.90626624011887,0.008149134316767,0.8907854918452074,3.706727194063575,7.590755943393276,0
131.2631036659588,0.3568374258399274,1.1770501832405955,3.885864859761824,7.772266773705951,0
130.93427016086272,0.3288335050960711,1.4638311502390309,3.684778832419255,7.642320453279979,0
129.82692764225197,1.1073425186107784,2.521391100936455,4.4421862963615695,8.466272338419515,0
129.7461206697854,0.0808069724665472,2.583790617610504,4.295414560475308,8.219388653830748,0
129.19126967494626,0.5548509948391427,3.0394954825105174,4.421615454895203,7.924380061363308,0
130.114373697918,0.9231040229717564,3.648110345621689,5.064930166450409,8.109289891916347,0
129.52915022126655,0.5852234766514641,4.2051732802054005,5.620331307168129,8.68630504674104,0
129.86822112467524,0.3390709034086967,4.512005729586775,5.526126680999425,8.669152096185314,0
129.63389020029695,0.2343309243782698,4.518549878579421,5.608562133470457,8.64899738255022,0
129.58877606215148,0.0451141381454931,4.555514882408147,5.446300374253354,8.262242076471722,0
130.23504590892856,0.6462698467770736,4.844947303345293,6.021997486585889,8.730812163107117,0
129.9095075027942,0.325538406134342,4.841652204383564,6.305483354622595,8.526431036802819,0
129.41433926007292,0.4951682427212915,4.229477928494077,6.7508690294305325,8.671664224855647,0
129.6981656593613,0.2838263992883867,4.432497355315917,7.0162879729264205,8.727911915791225,1
129.44986085328617,0.24830480607514,4.125951166551914,7.165446649062432,8.547566621447118,1
129.61657731374717,0.1667164604610036,3.3695636040411614,7.01767394966285,8.43449377049157,1
129.0098239740979,0.6067533396492593,3.3910934670389565,7.596266747244357,9.011424774207086,1
129.87352616096976,0.8637021868718477,3.915724750502108,8.427730480088883,9.441851431501531,1
130.02766275842825,0.1541365974584891,3.835530423582327,8.354080302161748,9.444092557052784,1
131.36185185196177,1.334189093533496,5.12460537897033,9.680120261378477,10.570905753223684,1
133.66223720070556,2.3003853487438164,6.7787208809370725,11.623668184282366,12.80071836752296,1
135.96231894735695,2.3000817466513865,8.753264221454117,13.59491642583768,15.058747576076712,1
137.86860288311388,1.906283935756932,10.164379914489755,14.393857842983834,16.91524894392029,1
144.4796612329855,6.611058349871627,16.491611865072997,20.92410922038892,23.507899837999418,1
143.43498302013222,1.0446782128532843,17.28798527185114,21.413936438403056,24.453431920913573,1
146.30842996457156,2.873446944439337,19.994715755829475,23.36427935987064,27.012389705492325,1
148.3999563293808,2.091526364809255,21.47948878098947,24.870582248028427,29.075755528233827,1
150.63359156155605,2.2336352321752315,22.84942182629285,26.76514657679496,31.277152306381737,1
151.90091678507935,1.2673252235233008,23.962610452357666,27.79814087594,32.31669075451941,1
152.59699827294207,0.6960814878627275,23.324502846686897,28.449108225657227,33.004623108065374,1
153.271514212161,0.674515939218935,21.698633437162016,28.47735431809909,33.32230162144438,1
154.0524017973085,0.7808875851474966,20.17943927565813,28.932703497112243,33.77435570149581,1
0.2984918120633159,153.7539099852452,172.0270653251464,182.19144523963607,186.42092316813023,1
157.71546198576712,157.41697017370382,322.83297714897856,339.3245890140516,343.75708636936747,1
160.1407521891391,2.4252902033719863,324.2135891394973,341.50157441134843,345.6275255779003,1
162.5263956620225,2.3856434728834017,323.7257856679414,343.7205014237708,347.090065027812,1
163.90291570188265,1.3765200398601394,323.01077934299224,344.49026812398165,347.88136159102066,1
14.52042608950232,149.38248961238034,470.1596337231973,493.0090555494902,496.92478029999234,1
17.179924925415733,2.6594988359134124,471.55180733558745,495.5144177879452,499.3499482115275,1
20.768562967071844,3.588638041656111,474.4443638893808,497.76886673606776,502.8934721150381,1
167.33645245894823,146.56788949187637,620.3377374420382,642.0363708792003,648.8150917601374,1
165.37779772817458,1.9586547307736453,621.5155045876644,641.6949438633226,650.4482080847766,1
166.54944835153273,1.171650623358147,468.9332452257773,640.9603105509237,651.1246904654136,1
12.996739984730056,153.55270836680268,465.0689834188762,787.9019605678548,804.3935724329278,1
159.439840939982,146.44310095525194,609.0867941707562,933.3003833102534,950.5883685821046,1
156.8270662387137,2.612774701268279,609.313925399141,933.0397110670824,953.034426822912,1
13.175023166652366,143.65204307206136,751.5894484313422,1074.6002277743346,1096.079716555324,1
11.632427890651382,1.5425952760009842,603.749554094963,1073.9091878181605,1096.7586096444531,1
47.69796937718655,36.06554148653517,637.1555967455847,1108.7074040811722,1132.6700145335296,1
160.9016869437867,113.20371756660016,746.7706762705286,1221.2150401599094,1244.5395430065964,1
65.98470550697294,94.91698143681376,695.1197682154661,1315.4575056575045,1337.1561390946663,1
50.26251568749168,15.722189819481263,708.8833033041738,1330.398807891838,1350.5782471674963,1
135.1954163747645,84.93290068727282,792.6445533680885,1261.5777985938655,1433.604863919012,1
66.64923650230203,68.54617987246247,707.6380248737481,1172.7070082926246,1495.539985441603,1
172.3054641927673,105.65622769046526,666.8511516089615,1275.9379457797177,1600.151534919215,1
10.328519058837346,161.97694513392997,826.2153220416233,1435.5292474407645,1759.2550331087057,1
131.59719626246104,121.2686772036237,803.8319561731855,1555.4214046045277,1878.43218394752,1
124.9788288471964,6.618367415264643,808.9077283124491,1412.657282407412,1882.816916130609,1
124.58366991669824,0.3951589304981553,773.2373457564121,1410.392942501997,1881.944749837584,1
3.889998866963837,120.6936710497344,780.7272992395465,1527.497975510075,2001.942339399456,1
0.975499862441151,2.914499004522685,688.7248168072554,1383.8445850227215,2004.18232246476,1
83.3752793012642,82.39977943882305,755.4024064265972,1464.2857097307708,2085.801214318435,1
95.42577714403362,12.050497842769415,682.5200035820938,1475.164556950182,1944.0978021759595,1
106.7975675604683,11.371790416434678,625.3456141260659,1332.983638999814,1798.0526224186904,1
134.07504129697483,27.277473736506536,546.9668601721072,1213.818011781069,1822.904805951825,1
144.2939473634598,10.218906066484976,395.2088211046622,1221.4241431462856,1830.7380685454264,1
149.8636102691947,5.569662905734901,279.50980680677344,1083.3417629799587,1834.931211411301,1
146.5904255232257,3.273184745969018,276.1646241374778,1085.072352449927,1688.82190654489,1
146.2742344158921,0.3161911073335943,276.08565631431327,1049.3230020707254,1686.47859881631,1
145.5960924896887,0.6781419262034092,156.07012719078224,936.7974264303286,1683.5681027008577,1
147.47769150839122,1.8815990187025309,155.0372272049621,843.7620440122174,1538.8818122276834,1
149.0224479934794,1.544756485088186,74.18220425122725,829.5846106778243,1538.4679139819982,1
154.54285367699302,5.520405683513616,67.65211209197145,750.1721156740653,1542.8166690421535,1
159.4861160786276,4.94326240163457,61.22358407717134,686.5691982032372,1394.2072230769854,1
128.28524192414832,31.200874154479266,65.14698449514407,612.1138446672512,1278.9649962762128,1
170.08597073113157,41.80072880698325,96.72880723564234,491.9376283403046,1318.152950381928,1
131.52411004970205,38.56186068142952,129.72100501133696,409.2308118181104,1213.062767991296,1
159.645430665522,28.12132061581994,154.56914088118788,430.73376501866574,1239.6414933311148,1
7.870598342678226,151.77483232284376,306.02778209669805,582.1134384110113,1355.3507841674236,1
2.8988360871291947,4.971762255549031,310.3214024260437,466.391529616826,1247.1188288563724,1
2.57598219424083,0.3228538928883648,308.76265730022953,463.7998845051916,1152.524701312447,1
158.35553489385822,155.7795526996174,462.9974535147587,537.1796577659859,1292.5820641925832,1
90.75531968161808,67.60021521224014,525.0772630434852,592.7293751354567,1275.2493787175504,1
145.5049758228607,54.74965614124263,574.8836567830933,636.1072408602647,1261.4528549863303,1
138.36763149346993,7.137344329390771,550.8201269580048,615.9671114531488,1162.9339716252562,1
124.85459331822852,13.513038175241403,522.532436326263,619.2612435619053,1014.4700646665676,1
125.46857356395182,0.6139802457232975,484.5845558905568,614.3055609018936,893.8153677086672,1
125.3356999805406,0.1328735834112109,456.596108858148,611.1652497393359,887.3298738768137,1
124.958439076442,0.3772609040986197,305.19853743940286,611.2263195361008,887.3119758504142,1
96.00503388517292,28.95340519126907,329.1801803751229,639.5015828011666,795.5717099919489,1
90.75414124914968,5.250892636023252,334.1082191182578,642.8708764184872,797.9081036234494,1
80.33830285387945,10.415838395270214,188.74450481391065,651.7419583286693,725.9241625798966,1
73.44102361380806,6.897279240071399,128.04156884174188,653.1188318852271,720.7709439771986,1
37.46514094606983,35.975882667738226,109.26779536823749,684.1514521513308,745.3750362285022,1
78.62799822888692,41.16285728281709,143.2933083216638,694.1134352796686,759.2604197748127,1
69.66779849373039,8.960199735156536,138.74046988157892,661.272906207842,758.0017134434842,1
35.18566801915372,34.48213047457667,172.6086201104323,657.193176000989,786.914181012326,1
35.99986928573279,0.8142012665790759,173.28994779360016,629.8860566517482,784.455197532936,1
37.33464479926976,1.334775513536968,174.2474624030385,479.4459998424414,785.4737819391395,1
95.46857181948694,58.13392702021718,203.4279842319866,532.6081646071095,842.9295670331531,1
95.43585911899852,0.0327127004884175,198.2098042964517,532.3180234147096,841.080680714939,1
93.13822158188896,2.2976375371095514,190.0916034382911,378.8361082522017,841.8335617669604,1
87.56807863038314,5.570142951505829,188.7644671497256,316.8060359914674,841.8832990349526,1
81.74411309371641,5.8239655366667336,158.61255001865405,267.88034538689146,842.7640021699848,1
25.10293947906122,56.64117361465519,174.09086635049215,317.3841746721559,868.2043016301607,1
29.53582206621721,4.432882587155991,169.5635492024916,308.30401908407055,830.8364554103335,1
15.015019483941131,14.520802582276078,149.60222131019103,322.2108414206233,806.7953973111801,1
1.6293502400254192,13.385669243915714,162.17368928752765,335.4636370811278,792.0597459392758,1
2.2234592628761707,0.5941090228507515,161.43302279684144,335.68048519988,640.8790226392829,1
171.9115647390923,169.68810547621615,272.9872012528404,476.415185484827,805.5953658599499,1
165.0291464891794,6.8824182499129165,279.83690680226493,478.0467110987166,812.1549302169744,1
154.96750972158756,10.061636767591835,287.6009060327472,477.6925094710383,666.4370142849489,1
131.5320213403621,23.43548838122547,305.46625146246686,494.2307186121924,622.2722874539343,1
130.28569300772492,1.2463283326371766,300.88861425843726,459.5011642770913,568.7689596453288,1
129.67172137323513,0.6139716344897863,244.86141227827187,418.952278628764,562.2455869504278,1
151.41224046815165,21.74051909491652,262.1690487860324,431.732597988524,570.4730678701029,1
158.69610424127032,7.283863773118668,254.93210997687493,404.5343312870661,577.1429513974983,1
165.50896162078013,6.812857379509808,248.35929811246908,410.5329873999967,583.8229351935969,1
168.21683817222592,2.7078765514457928,250.47306564106407,411.9060884379055,586.153550840944,1
169.40081059306107,1.183972420835147,81.96893258568312,354.9561338385235,558.3841180705101,1
172.01179346381755,2.610982870756488,77.69749720652669,357.5344040087916,555.7442083052433,1
172.57341299248247,0.5616195286649202,68.19747996759978,355.79838600034697,545.889989438638,1
172.351551958788,0.2218610336944664,44.98385262006877,350.45010408253563,539.214571232261,1
172.42884798500373,0.0772960262157198,43.81482031364732,344.7034345720846,503.31598459073865,1
173.84003704720644,1.411189062202709,44.61203774136024,289.4734500196321,463.5643163701242,1
177.8560453959258,4.016008348719367,26.88752699516309,289.0565757811954,458.6201249836871,1
178.99195944382782,1.1359140479020198,20.73957726994644,275.6716872468214,425.2739085570124,1
176.93632850036886,2.055630943458965,15.982350833895596,264.34164894636467,426.5153382338923,1
170.40990498944512,6.526423510923735,19.800897793373537,270.27396343443763,431.7069862312791,1
11.874462420611268,158.53544256883384,177.15236794137223,259.1213005270554,532.1085017798957,1
11.723077316755552,0.1513851038557145,174.69277017447146,252.39026738099813,532.2271741832631,1
5.870529837346303,5.8525474794092505,179.9836981252158,248.1811780928156,535.7820841255627,1
3.801447201625351,2.069082635720952,181.83091972724228,226.81477234731105,532.2810238097778,1
1.9602625508726896,1.8411846507526608,183.5948083517792,227.4096286654265,528.2982429238638,1
0.982467111371524,0.977795439501166,183.16141472907768,227.77345247043792,472.6348647487097,0
5.921926831394033,4.9394597200225085,184.0848661003808,210.9723930955439,473.1414418815762,0
5.968624924426173,0.0466980930321403,182.9956501455109,203.73522741545736,458.66733739233234,0
6.063430655967406,0.0948057315412329,181.0348249335932,197.0171757674888,445.3764738799578,0
3.378325500657464,2.685105155309942,177.1935065779794,196.9944043713529,447.4674700124171,0
0.9022363217685686,2.476089178888896,21.134153188034464,198.2865211294067,280.2554537150898,0
1.50682091956391,0.6045845977953413,21.58735268197409,196.2801228564456,273.9776200629722,0
1.090370962143019,0.4164499574208906,16.15125515998573,196.1349532852016,264.3324332528013,0
0.3416657656603709,0.7487051964826484,14.830877720747427,196.6617974479897,241.64565006805847,0
0.4279329855586449,0.086267219898274,13.07596028989304,196.67076864167225,240.4855889553196,0
0.883454351241569,0.455521365682924,12.553686216074798,195.71510094515247,240.3271386865127,0
1.5450525651954576,0.6615982139538886,8.275824710006178,192.36069081038696,219.24821780555007,0
151.075803181713,149.53075061651757,157.7598772334916,340.7555273790025,361.495104648949,0
151.1549727446419,0.0791695629288824,157.74424106487925,338.77906599847245,354.761416832368,0
151.23767749620234,0.0827047515604419,155.14184066112975,332.3353472391091,352.1362450324827,0
151.7961249756479,0.5584474794455616,153.22419896168643,174.35835214972087,351.5107200910932,0
152.30649463327683,0.510369657628928,153.12998402152002,174.71733670349408,349.4101068779655,0
153.4562900046778,1.149795371400984,153.8633294355001,170.0145845954858,349.99828272070164,0
153.2722123372483,0.1840776674295057,153.29870190644695,168.12957962719435,349.96049935443665,0
153.07207583907103,0.2001364981772724,153.41257118472595,166.48853147461898,350.0833398263982,0
152.45243504618216,0.6196407928888732,153.5766906119319,166.1303768280067,349.2917915570844,0
152.6277653301943,0.1753302840121477,153.09042268199016,161.36624739199632,345.45111349237715,0
152.63648192515564,0.0087165949613279,3.568388660433925,161.32826589392553,344.3239160394364,0
153.33224875109389,0.6957668259382501,4.184985923443293,161.92922698832254,342.96405192191577,0
153.31453366333508,0.0177150877588019,4.119996259641653,159.2618369207714,336.45534349875084,0
153.3060451134835,0.0084885498515916,3.570037330047682,156.79423629173408,177.92838947976855,0
153.02956744398708,0.2764776694964155,3.33614534191517,156.46612936343516,178.05348204540925,0
153.14376259889684,0.1141951549097655,2.300545125423952,156.16387456092403,172.31512972090977,0
152.210161436415,0.9336011624818354,3.050068620476281,156.34877052692323,171.17964824767066,0
151.63589204586455,0.5742693905504552,3.4242015128494643,156.8367726975754,169.91273298746844,0
150.82865237271812,0.8072396731464266,3.6118003931070177,157.1884910050389,169.7421772211137,0
149.68050715245937,1.1481452202587548,4.584615329353625,157.6750380113438,165.95086272134995,0
148.81440222309433,0.8661049293650365,5.442003663757333,9.010392324191258,166.77026955768284,0
148.18027675025894,0.6341254728353931,5.380362310654476,9.565348234097767,167.30958929897702,0
147.77153164244973,0.4087451078092101,5.771392330704884,9.891388590346535,165.03322925147629,0
147.81504760568723,0.0435159632375246,5.806419744090817,9.3764570741385,162.6006560358249,0
147.62032855223447,0.1947190534527862,5.724661128047188,9.060806469962358,162.19079049148235,0
147.1504821605332,0.4698463917012816,6.080312364838704,8.380857490262656,162.24418692576273,0
146.5854470814622,0.5650350790709808,5.71174628142785,8.761814901904131,162.06051680835108,0
145.5967443405737,0.988702740888499,6.126179631765893,9.550381144615358,162.9629523293413,0
144.84219677514793,0.7545475654257814,6.073487524045248,9.685287917152266,163.26197852908416,0
143.83659359713263,1.005603178015292,5.9309454818017855,10.51556081115541,163.60598349314557,0
142.84963153871314,0.9869620584194934,6.051802610856242,11.493806274613576,15.0621949350475,0
140.73547680080867,2.114154737904471,7.53183187592532,12.912194186579796,17.09718011002309,0
140.11397650770667,0.6215002931020024,7.744587061218112,13.515979391922995,17.63597565156465,0
139.41658824476508,0.6973882629415868,8.398459360922175,14.204879105012992,17.774916435060675,0
139.16445882662848,0.2521294181366045,8.455869725605993,14.18053085365318,17.51667619556835,0
139.18201537639206,0.017556549763583,8.003579883668294,14.083892248507,16.38443737393095,0
139.99651601644356,0.8145006400515058,8.25304544464882,13.964791726076667,17.01486034655295,0
140.7809895027131,0.7844734862695475,8.048816190029868,14.17499582179576,17.599197334645226,0
141.60672949097923,0.8257399882661218,8.120008612870208,14.193496136915456,17.805296530022474,0
142.24296034839176,0.6362308574125279,7.750636292267444,13.68158177406923,18.26619710342285,0
142.7022739143233,0.4593135659315521,7.222987799779503,13.274790410635743,18.71679407439308,0
142.89913493075326,0.1968610164299491,5.305694078304981,12.8375259542303,18.217888264884778,0
143.31470663501105,0.4155717042577862,5.099765489460765,12.844352550678876,18.61574488138376,0
143.1915111426328,0.1231954923782439,4.525572718897422,12.924032079819597,18.73045182391041,0
143.0031415304842,0.1883696121486195,4.461812912909437,12.91768263851543,18.64234376656261,0
142.75598988018533,0.2471516502988606,4.691408013444715,12.694987897113007,18.77530026195172,0
142.32407146905723,0.4319184111280947,4.308825784521304,12.561871229170125,18.273617510597973,0
141.52507850288583,0.7989929661713973,4.323345264423153,12.37216145445302,18.498341086218915,0
140.39550678953773,1.1295717133480991,4.627176989505131,12.74718560237534,18.820673126420587,0
140.54134324531805,0.1458364557803122,4.136782587872915,11.88741888014036,17.818364361942145,0
139.56399257876413,0.9773506665539172,4.65481968849528,11.877807488274785,17.929610099131025,0
139.01439393733733,0.5495986414267975,5.0075573134921285,10.31325139179711,17.84508326772243,0
138.294422296815,0.7199716405223455,5.311957249756688,10.411722739217453,18.156309800435565,0
137.8161723193181,0.4782499774968869,5.667011734875331,10.192584453772753,18.591043814694928,0
137.80655690309024,0.0096154162278594,5.488257538954571,9.950070451864008,18.40594017747,0
137.5900869008943,0.2164700021959333,5.457575890851643,10.148983904296358,18.15256378796465,0
137.7367783900268,0.1466914891324791,5.172348968856028,9.481174753377331,17.73422019802615,0
137.71200751023974,0.0247708797870416,4.398126882471672,8.721472146894826,16.770288336924693,0
138.136194151871,0.4241866416312518,3.692741810754825,8.319918800259956,16.439927413130164,0
138.32957214612313,0.1933779942521312,3.740283349226644,7.877065937099559,15.627702229367005,0
138.81328438519478,0.4837122390716502,3.2466449217443767,7.901464610239657,15.12445241001916,0
139.0307665850514,0.2174821998566187,2.914528480174198,7.9220857936663265,13.227779871971308,0
139.18600798889258,0.1552414038411882,2.3497982434930407,7.661755493249728,12.761520982710492,0
139.81551546634816,0.6295074774555758,2.501055743451729,8.16806747832706,12.693640197224482,0
140.05995183665243,0.2444363703042711,2.735876697528141,8.224134236482712,12.685947149392147,0
139.8169714641192,0.2429803725332249,2.7623870678654328,8.219962958717076,12.91137097216179,0
139.0640403346397,0.7529311294794923,3.368626708212446,8.540975677068474,12.849801461589776,0
138.7652167146958,0.2988236199439029,3.6426794483693072,8.04080633084098,12.364151595264133,0
138.39858175559576,0.3666349591000539,3.5851277658381093,7.277869576592934,11.905046566098065,0
137.95273881245404,0.445842943141713,3.837592714727691,7.577876063954335,11.71465865182725,0
137.2727377108707,0.6800011015833434,4.033881577239384,7.280526498983761,11.93534618747904,0
137.01650078421838,0.2562369266523205,4.072636304035086,6.987164784209284,11.994722097701413,0
136.37702415175642,0.6394766324619638,4.556871532655862,6.906669776148902,12.21862702590559,0
136.13852175172647,0.2385024000299438,4.16586645523023,6.666922198681959,12.33393393355729,0
136.04813899802235,0.0903827537041195,4.011812838630078,6.747689536158219,12.23594707511279,0
135.7439691811705,0.3041698168518394,4.073002282948693,6.8353893508141255,12.292965241665769,0
135.89391034797,0.1499411667994934,3.470012320268694,6.83863902848114,12.010987997337168,0
136.17619887835798,0.2822885303879729,3.453477230712764,7.096156679082071,11.494283561553743,0
136.20721508347563,0.0310162051176519,3.117858476730362,6.702986242568471,10.395728053323296,0
136.18861206912158,0.0186030143540563,2.690618547942705,6.528211262670396,10.26849461189704,0
136.26104357780713,0.072431508685554,2.083048955044916,6.1169305322843,9.363575454028677,0
136.47299270075592,0.2119491229487948,2.03876115134139,6.111397455376476,9.025925935550674,0
136.243709561297,0.2292831394589143,1.6285676583383406,6.185439190994202,8.535237434487243,0
136.22229719800666,0.0214123632903522,1.411477621598749,5.577344076828979,8.078399820280708,0
136.29308976582587,0.0707925678192111,1.3918874357138409,5.403700274343919,8.13957697187206,0
136.41675923665176,0.123669470825888,1.211387089687889,5.284389372636582,8.046776440502015,0
136.1984465367989,0.218312699852845,1.279758622741241,4.749770943009935,8.11839765122238,0
135.71645109269477,0.4819954441041432,1.4794655364574112,4.932942767170175,8.575622215539482,0
135.51689416197587,0.1995569307188986,1.648006262058658,4.76586473878902,8.35099250462713,0
135.18477744917743,0.3321167127984381,1.96151996050304,4.652138508445745,8.489731223173436,0
135.21960396007702,0.0348265108995917,1.9239149627170773,4.006963917761993,8.040845495001378,0
135.01459547010478,0.2050084899722435,1.9169743297405264,3.955735481081916,8.028371785117002,0
134.7465418124945,0.2680536576102668,1.9557448478918784,3.5843125062302192,8.141184038886081,0
134.7962494464152,0.0497076339206898,1.9840401185222163,3.3955177401209653,7.561384195351195,0
134.98948508088742,0.1932356344722166,2.1064831851752217,3.4983706208890624,7.510183459519141,0
135.01288794880898,0.0234028679215612,2.006216582270895,3.217603671958784,7.290605954907477,0
135.29375749156833,0.2808695427593477,2.068773425177397,3.3485320479186385,6.818544368187332,0
135.5435294610411,0.2497719694727607,1.836549950546015,3.316015487003426,6.76949271771619,0
135.7903301879531,0.2468007269119994,1.883793746739116,3.5318000087977737,6.649658485528136,0
135.83987605267535,0.0495458647222619,1.6012228986629395,3.56274285916598,6.2533614071086845,0
135.95995805980792,0.1200820071325665,1.6864783948959143,3.610393357612992,5.693442312657908,0
135.81980611777198,0.140151942035942,1.6216218469596129,3.538596176700139,5.577357328041529,0
135.7919538700679,0.027852247704061,1.3814204370534071,3.3371652849452857,4.965732943283626,0
135.63580156234136,0.1561523077265576,1.4878651108592749,3.471905229381491,4.88338285098024,0
135.4425590591048,0.1932425032365472,1.4878719796236055,3.594355164798827,4.986242600512668,0
134.9402120697066,0.5023469893982053,1.9668161011002496,3.973032683371145,5.184419773059034,0
134.8133430749218,0.1268689947848145,1.8128155531257164,3.881588978303114,5.161347601044355,0
134.56460718383337,0.2487358910884154,1.8117794747413711,3.648329425287386,5.127794961744797,0
134.30000784824182,0.264599335591555,1.8295780834209268,3.7133718301600425,5.3613780922187,0
134.46397771378116,0.1639698655393431,1.944002084238008,3.5452249829009475,5.506744943403987,0
134.40931196520415,0.0546657485770083,1.8785858256824497,3.565064220578364,5.4889791832954415,0
134.66224878105243,0.2529368158483009,1.9913706994948088,3.6129925464544215,5.529966876194948,0
135.0747190908572,0.4124703098047462,2.3759887615954938,3.757409198648901,5.71315404654078,0
135.31098407271088,0.2362649818536795,2.456101435722616,3.9439665465818905,5.928006665104107,0
136.21463528770315,0.9036512149922942,3.1665101474783626,4.654382127101968,6.76086531227719,0
136.76317978999765,0.5485445022944759,3.212707660374633,5.179523761474883,7.185740343745778,0
137.5857517424496,0.8225719524519377,3.908410618041757,5.721226171167473,7.78999959634487,0
138.25025279854918,0.6645010560995956,4.324175783052937,6.135955257794308,7.972505208340323,0
138.31963264768788,0.0693798491386985,4.12895629660008,5.958534380021007,7.842328126760123,0
138.56344970579846,0.2438170581105794,4.208803489171316,6.152805573409324,7.754028472072264,0
138.66645693791418,0.1030072321157149,4.257144972710023,6.135730798392473,7.822209193288387,0
138.1882188816823,0.4782380562318735,4.482446213093596,6.473816912588404,8.095438759548017,0
137.9370587191946,0.2511601624877073,4.321136065776557,6.6971248273720505,8.078545264425458,0
137.5650264914576,0.3720322277370087,4.456903311659886,6.913004747382502,8.400869858241776,0
137.10568007115904,0.4593464202985444,4.012598516966136,7.179108664444499,8.666980644068104,0
136.78723414364524,0.3184459275138067,3.782499942185467,6.9952076025601,8.96202370366035,0
136.57733931684206,0.209894826803179,3.1698228165367084,7.078233434578465,8.891048987704181,0
136.4035368109784,0.1738025058636481,2.679124266300761,7.003300049353697,8.815079524095069,0
136.43890982959988,0.0353730186214704,2.6451174357835328,6.774073732383613,8.60365181580454,0
136.33776276017645,0.1011470694234333,2.5024474470963867,6.711250936267703,8.655253020505711,0
136.23807907543576,0.0996836847406825,2.4991238997213543,6.756268872431377,8.634854698113827,0
136.19939301358784,0.0386860618479261,2.059571905337407,6.542018118431002,8.533388817925811,0
136.1714449740914,0.0279480394964366,1.836359782346136,6.157495848122693,8.533484609718187,0
136.1388420706746,0.0326029034168016,1.496930458025929,5.953833769685815,8.40993520540843,0
136.53451676946867,0.3956746987940676,1.4332587365214522,5.445857253487588,8.612367400965951,0
137.09807241235887,0.5635556428902078,1.6783684518978532,5.46086839408332,8.673576054457953,0
137.26369410467183,0.1656216923129534,1.6340953174076276,4.803918133944336,8.712328751986092,0
136.6231391501096,0.6405549545622193,2.100847766106199,4.77997203240696,9.104147815459896,0
136.3349474731317,0.2881916769779025,2.353666424462631,4.998783860246164,9.127740156846244,0
135.52912707062688,0.8058204025048212,3.0583397575440188,5.560787204640405,9.769590693811722,0
134.11837082782523,1.4107562428016536,4.36941231560499,6.868536215326344,11.125681188036369,0
132.46282547495446,1.6555453528707744,5.986271606627838,8.045843511965245,12.52828972505884,0
131.83121798179994,0.6316074931545188,6.58993106028592,8.426290842632056,12.747426908408611,0
131.03847494519005,0.7927430366098918,7.35007119347901,8.84700165150494,13.303904963164824,0
130.71413700644246,0.3243379387475897,7.278734433432533,8.711993169953985,12.72459168692012,0
130.0738764030962,0.6402606033462632,7.355439393888588,9.03380784578644,12.816307787971908,0
130.87054331657913,0.7966669134829374,7.986484615058572,9.6205799324662,12.790402749002908,0
130.62280955272325,0.2477337638558765,7.593663424352229,9.694511190458428,12.373635456759189,0
131.30115440048954,0.678344847766283,7.98381659514061,10.33748301960324,12.982600455386772,0
132.2785161745738,0.9773617740842724,8.15535796672006,11.21369772426408,13.716145171360466,0
132.17453410985118,0.1039820647226292,6.848583788641037,11.217996104246026,13.71712000396738,0
130.8525806870734,1.3219534227777672,6.514991858548029,12.501263465175867,14.560835370513274,0
129.89809727383314,0.9544834132402684,6.837867778633779,13.4277988389197,15.264158621265835,0
130.41146866513574,0.5133713913025986,6.558496133326486,13.908567326805496,15.405497784831423,0
132.0307266366064,1.6192579714706596,7.853416166049556,15.132150599482088,16.56540933600354,0
133.64317228346454,1.6124456468581343,8.825601209561427,16.181040603450015,17.859409055347868,0
137.01035294346082,3.3671806599962792,11.396114956074769,19.38259957113334,21.016694888540968,0
139.0832104477931,2.0728575043322905,13.221238696551184,20.81490212090341,22.91574988700961,0
140.40688521020164,1.3236747624085297,13.86656861119343,21.85038520633404,24.20405163079667,0
139.53289092730355,0.8739942828980816,13.763201120007238,21.9185590867273,24.97689884427132,0
140.15429398527738,0.6214030579738221,14.280622113258431,21.129205901899468,25.498618217504458,0
140.80983388566608,0.6555399003887032,13.614208590869367,20.1292004494174,26.115472056045235,0
141.92722795268207,1.1173940670159936,13.777119244645093,20.61498702327887,27.20491808356479,0
142.27198106536883,0.3447531126867602,13.608500966029254,20.16699709935574,27.51706829283475,0
140.88616232659686,1.3858187387719738,13.375061733330568,21.228477899380124,28.507212332812657,0
139.37536672359334,1.5107956030035157,13.27341168947595,22.099012899037376,29.454452292925964,0
138.17115200795078,1.2042147156425642,11.110445745122234,22.506560701197003,30.49304531625557,0
137.93233128994385,0.2388207180069343,9.276408958796878,22.49764765534806,30.09131107970029,1
138.08428474757693,0.1519534576330841,8.104687654021433,21.971256265214866,29.95507286035547,1
137.68065153784588,0.4036332097310549,7.634326580854406,21.397527700861644,29.552885667581705,1
136.7993005676699,0.881350970175987,7.894274493056571,22.174896606315,29.02348039495604,1
136.05361341491184,0.7456871527580518,7.984421745425919,21.598630336295287,28.11362219484332,1
134.9869782199922,1.0666351949196269,7.933662873329553,21.710782117974645,28.548649896608424,1
134.06643256300302,0.9205456569891908,8.509455417631983,22.11795638366124,28.676452516987723,1
133.9551412432415,0.1112913197615057,7.234927998621515,20.609989731952084,28.46340589800164,1
134.19676046421236,0.2416192209708469,5.965751616588847,19.2391633060648,28.064764515626223,1
134.57678791734472,0.3800274531323566,5.141564354078639,16.252010099200874,27.64812505527564,1
136.6993571239846,2.122569206639895,7.0253128427116,16.301721801508478,29.52296049805966,1
138.97841211523522,2.279054991250604,9.15241437632912,17.257102030350552,31.12367064154398,1
140.67432738804658,1.6959152728113622,10.444696439409428,18.07902302026384,31.84222414027107,1
141.6757708367549,1.0014434487083292,10.564788917941769,18.45906341099834,32.73968552425677,1
142.11252916163133,0.4367583248764219,10.25586009006014,18.24028183548606,31.854490426355422,1
142.72671062470815,0.6141814630768181,9.80340635821733,17.737069231546883,31.51418847619197,1
143.94604582907934,1.2193352043711911,10.10219590559933,18.61165132323132,32.22015228926057,1
142.89719936701806,1.0488464620612774,11.039751047899102,18.274679046520617,31.649740779851182,1
140.8135487852533,2.083650581764772,12.881782408693027,18.84753402528188,32.12094571475782,1
139.73474592069294,1.078802864560345,13.580557820121015,18.72212217419965,29.83256791932189,1
140.4129554237931,0.6782095031001631,12.136198116581284,19.161510959292883,28.43791991808976,1
140.0186350031329,0.3943204206601933,10.251463545990871,19.403877922319992,27.508565576341425,1
140.68728436277163,0.6686493596387209,9.224197632818232,19.66889407222766,27.303220653082064,1
43.09650730415505,97.5907770586166,105.8135312427265,116.37832016066828,124.27259465372484,1
25.75541024118088,17.34109706297417,122.71786998082425,132.9737300708844,140.9581518163103,1
135.51615599673372,109.76074575555285,231.86443427330028,241.6678406315176,249.6015035048472,1
135.61174338569683,0.0955873889631391,230.74068645789225,240.84288236349155,249.3523377811236,1
133.10455591882337,2.5071874668734893,232.19902746270444,243.2387785106036,250.47370650922505,1
130.80386888530197,2.300687033521399,232.41606391446103,245.2978463231541,251.2635979397429,1
129.76304429847127,1.040824586830695,232.3780856367314,245.95864345685243,251.10020781093107,1
129.95674011990403,0.193695821432783,231.89357195506403,244.0297700716453,251.0550829143569,1
130.51502384501964,0.5582837251155865,232.05753525951943,242.3089988055103,251.46141318183945,1
129.06543975126408,1.4495840937555613,232.83846999363627,242.0626676264545,252.50736406586392,1
125.69189384722648,3.3735459040375986,138.62123883905727,244.43477008178377,254.9995589997256,1
125.14066495135772,0.5512288958687606,121.83137067195186,244.5492406527761,254.80510074283623,1
122.97959574994388,2.161069201413838,14.23169411781285,246.09612839111315,255.89953474933048,1
118.42968732670629,4.549908423237596,18.686015152087307,249.4267016099796,259.5288975155789,1
114.8685665458533,3.5611207808529883,19.739948466066807,251.93897592877124,262.9787269766704,1
107.6185546628625,7.250011882990805,24.68927331553621,257.1053372299973,269.9871196386903,1
105.684807837501,1.9337468253614816,25.582195554067,257.96028119079847,271.5408390109194,1
48.14773622834576,57.537071609155255,82.92557134178946,314.8191432968535,326.9553414134348,1
59.29773131478687,11.149995086441116,93.517282703115,325.5748179626344,335.8262815086253,1
145.07513280154024,85.77740148675336,177.8451000961128,410.6835700897491,419.9077677225673,1
102.35980134328982,42.71533145825042,217.1868856503256,355.80812448938286,461.6216557321094,1
73.38502731686854,28.974774026421272,245.6104307808781,367.44180145283,490.15967143365424,1
2.075817225304783,71.30921009156376,314.75857167102805,328.99026578884093,560.8547000621412,1
1.7833855593119767,0.2924316659928063,310.5010949137833,329.1871100658705,559.9277965237628,1
169.2609743102193,167.47758875090733,474.4175628838376,494.1575113499045,726.3565388126088,1
171.1332983113153,1.8723240010959896,469.0398750019428,493.72914831747903,726.14521223194,1
28.131904599235348,143.00139371207993,610.1075218886613,635.6897174427282,868.0678030794596,1
120.32720783753294,92.19530323829758,644.7657535178035,727.691324859593,959.5848968146572,1
1.2577451790132217,119.06946265851973,752.6852210898821,846.2025037929972,1078.2600390525167,1
172.62900264399934,171.37125746498612,838.2790770681149,1016.1241771642276,1248.962647157864,1
32.865431218531846,139.7635714254675,935.327317035332,1152.5142026856577,1291.135441524715,1
153.07957624615105,120.2141450276192,1026.56668803653,1272.177118817408,1394.0084894893598,1
139.40752294257516,13.672053303575892,968.9295312485422,1283.68810291957,1297.919797037383,1
126.406607263592,13.000915678983162,981.6380152615324,1292.139110175316,1310.825125327403,1
131.70313074312853,5.296523479536532,819.4569499901615,1293.8745128739993,1313.614461340066,1
54.64494228458868,77.05818845853985,894.6428144476055,1363.6826894495482,1388.3719627650844,1
57.733730354567726,3.0887880699790458,754.7302088055045,1364.8377306941657,1390.4199262482327,1
118.68317739167952,60.9494470371118,723.4843526043187,1368.2501061221224,1451.1756774639118,1
152.6610097659956,33.97783237431608,638.3927223201151,1391.0779434099973,1484.5952261131124,1
48.25284915319419,104.4081606128014,571.4296254679305,1409.7087025360454,1587.553802632158,1
9.034473450487546,39.218375702706645,470.8844297451696,1406.2117467805017,1623.398632430827,1
30.76150408468488,21.72703063419733,372.39731535174775,1398.9640033882777,1644.5744341691557,1
175.248889477264,144.4873853925791,503.21264744075097,1472.142178689293,1786.9007503603211,1
125.6051475449068,49.64374193235717,539.855473694125,1521.4934889556573,1831.9945838694407,1
0.3395018342032543,125.26564571070357,659.824595925292,1479.2815459154538,1953.699108799292,1
22.751497570603355,22.4119957364001,605.1784032031524,1499.8212176507575,1968.8610926527003,1
154.14212764609044,131.39063007548708,733.4802452086603,1488.210454014165,2098.317975902826,1
159.23116634423982,5.0890386981493805,677.6198368696978,1401.1041894740167,2045.8699429918204,1
162.4664125094661,3.235246165226272,646.8772506606081,1285.2699729807232,2037.9551940706056,1
160.81343152281417,1.6529809866519258,544.1220710344586,1115.551696502389,1953.830773570504,1
153.74600277885867,7.067428743955503,511.97112407570745,982.855553820877,1918.182870856209,1
8.71074852452614,145.03525425433253,635.2793476958427,1007.6766630475904,2034.2433510841204,1
9.078231727383782,0.3674832028576418,491.1594455061212,994.372092946872,1963.3016241954144,1
9.792676881510893,0.7144451541271089,442.2301487278911,982.085622422016,1963.7236376835483,1
8.976926426670053,0.8157504548408383,317.7802534720284,977.6048493973204,1797.061799387482,1
138.87384486948466,129.8969184428146,425.26517617844286,1030.443579381595,1925.0863938292007,1
7.580097033449149,131.29374783603552,425.1682939389913,1158.6485391476515,1913.378747953156,1
7.0608979953154325,0.5191990381337162,420.5984542789756,1098.2182911486736,1821.7026437529923,1
6.925197322174494,0.1357006731409384,417.4989087868903,1064.3761594474984,1702.7688817676135,1
7.325835968440719,0.4006386462662252,416.24656644650463,960.3686374809632,1531.7982629488936,1
7.646157375321417,0.3203214068806979,409.4994591094298,921.4705831851372,1392.3550129303069,1
7.77464030159934,0.1284829262779228,264.5926877813752,899.8720354772179,1272.2693508289656,1
123.95109885126168,116.17645854966236,380.40166312818,871.561108634301,1374.773756075052,1
141.15765465761808,17.20655580635639,396.8937737804092,839.1239225083003,1378.9793962024253,1
151.14574532401568,9.988090666397596,406.066113991966,723.8463674639944,1383.6709633892865,1
161.2814086788931,10.135663354877408,286.30485890402883,711.5700350824716,1316.748438285624,1
168.64666448750495,7.365255808611863,162.37636687660512,587.5446608155964,1321.0249060242568,1
175.86104515120795,7.214380663702997,169.0715485021744,589.6700027811501,1267.289839650848,1
178.04776180338055,2.1867166521726062,171.12256448120607,588.6214732680965,1235.4987239287043,1
171.4729446520031,6.574817151377459,177.2967429863173,593.543309432822,1137.6653804672806,1
165.25723621112184,6.215708440881258,183.19213002031785,592.6915891297477,1104.662713205455,1
2.444250683953786,162.81298552716805,345.876632621208,610.4693204025832,1245.748668098426,1
2.56436394437938,0.1201132604255938,229.82028733197123,610.2219504601512,1101.3813959662723,1
41.50299785576147,38.93863391138209,251.5523654369969,648.4461392174062,1090.6762879452972,1
41.82592110391892,0.3229232481574513,241.8871980187568,647.9533120107227,965.7335654827511,1
115.14192276908642,73.3160016651675,305.0675363290469,591.3723952330756,1016.6375714115184,1
95.24233055156134,19.899592217525083,317.6018727379601,479.9782396145652,905.1465335535564,1
42.68370319698023,52.55862735458111,362.9461194288382,532.0176679310126,952.6161222099884,1
43.38615396879278,0.7024507718125506,361.4618535484781,532.5844180296842,950.0833268165746,1
106.33405679142788,62.947902822635086,417.8349392197358,595.131682206053,1011.3782486525575,1
106.76880412747896,0.4347473360511031,412.0539781149057,595.2461081352235,1004.7455672446532,1
119.45011144615748,12.681307318678506,261.9222999064161,607.7989325276241,872.3916203089992,1
146.16045089375734,26.710339447599864,288.5125260935904,518.3328134255617,898.7344765537414,1
160.00957751427106,13.849126620513715,263.423018802722,514.9753842397189,911.869158020128,1
152.8349323602448,7.174645154026251,270.2747407085908,512.1619387273475,918.2280527193136,1
172.38081430911575,19.545881948870942,216.5046209922942,521.5721573213411,807.8770162253699,1
159.02498098979285,13.355833319322898,209.960862094092,527.5627348320521,689.9391017086572,1
143.72011705329928,15.304863936493575,172.70709867600448,535.6532181048427,704.724766607017,1
113.9019402287123,29.81817682458697,201.8228247287789,563.2846782772572,734.4072427584631,1
123.82534603947624,9.923405810763924,148.79832771690775,566.6332669366435,743.9300099229608,1
125.46008965065552,1.6347436111792888,149.99832399203592,562.0523021069416,745.2444321272594,1
130.6756148942877,5.215525243632172,142.5325419169896,404.4548418234057,750.3314744446137,1
133.6437531887915,2.9681382945038024,118.79034076389354,407.3028668574839,637.1231541894551,1
137.01101319529886,3.367260006507365,108.3084741498872,371.73149295260913,623.2838583896062,1
139.63408934491807,2.6230761496192088,103.75690514548016,374.0316458540709,615.9188438728277,1
135.2138126216324,4.420276723285667,88.63129991989487,305.135920912189,610.203457241236,1
162.30030384476828,27.08649122313588,102.36195782370784,312.32281991779985,629.92469265576,1
5.489211120079649,156.81109272468862,243.8681866119029,416.5752852879074,779.5214047167457,1
126.4812975297654,120.99208640968575,335.0420961970017,536.8649209257807,898.3267744742587,1
110.80601799863226,15.675279531133157,340.79396991737093,489.5922976342787,907.4272368540144,1
8.991271065115159,101.8147469335171,440.9739732397088,590.9722972317447,1003.0262753466502,1
89.51086691932389,80.51959585420873,516.2780438502854,658.8105857672749,920.7328856736908,1
70.56462000873061,18.94624691059328,532.2561524663748,651.0464932302684,939.5590193238586,1
4.388494668292771,66.17612534043785,595.0650178003052,703.3734919501925,966.7965107529144,1
4.353169338225932,0.035325330066839,592.4772669807528,696.234172126233,966.5089128348238,1
46.35022680503019,41.99705746680426,630.0540477242715,718.6853476441663,935.1899686364604,1
65.01754394247953,18.667317137449345,621.634873638585,723.9968314622928,933.9576935563848,1
3.285507980875517,61.73203596160402,526.5558168755003,770.4240034874033,943.1311021634076,1
3.077267160483076,0.208240820392441,405.771971286207,740.8140674832088,942.6368922119876,1
147.3783425610705,144.30107540058742,534.3977671556613,875.1917370730322,1023.99006478994,1
154.23277251050715,6.854429949436678,439.4374501715809,880.4114234112897,1030.4097474033256,1
158.731251426638,4.498478916130836,363.416333233503,879.6943770837883,1022.226919000778,1
159.77214820704145,1.0408967804034432,345.51098310331315,877.7671355696879,996.5574763335812,1
159.9716893991867,0.199541192145233,279.5343989550205,874.5994167553258,982.907890905213,1
160.67768242385233,0.705993024665645,280.2050666496193,872.6823336303722,976.4392387758523,1
161.8214662329332,1.1437838090808723,239.351792991896,869.4058407161674,958.0371406360624,1
162.40632352249253,0.5848572895593236,221.2693331440059,842.9042067825908,945.2661646062988,1
162.60251958963423,0.1961960671416989,159.7334932495436,686.2893101250439,930.1574967369468,1
164.1993573817847,1.5968377921504384,161.1220902213016,566.8940615075086,901.9361577045104,1
162.26337036230024,1.935987019484429,18.7570018401986,553.15476899586,893.9487389132307,1
1.7696039728956467,160.49376638940458,172.3963382801665,611.8337884517473,1052.807761691456,1
157.11477563650774,155.3451716636121,323.24303102764776,686.6593642611507,1202.937408111436,1
152.12292532531254,4.991850311195208,327.1939845584395,672.7049676617527,1204.9611201281275,1
8.76077919522304,143.36214613008949,470.3565894963838,749.8909884514044,1344.9560062517094,1
167.15986409371442,158.39908489849137,628.0496813702094,908.2547480198288,1500.7320150005817,1
166.98975665238237,0.1701074413320498,627.0760050024606,866.4277979943565,1496.4818457186282,1
5.683952846619566,161.3058038057628,787.7969515186642,1009.06628466267,1630.701158301255,1
5.730113812121108,0.0461609655015422,787.6469164170239,947.3804096665676,1473.936226542068,1
166.71735811974463,160.9872443076235,947.0373229324972,1108.1594131537986,1513.9313844400058,1
166.82207065177164,0.1047125320270083,945.2060484450396,963.9630502852382,1498.3608174408996,1
168.1882210906076,1.366150438835973,786.078432494471,958.4747707746376,1397.9122209462184,1
168.708784613736,0.520563523128402,631.2538243539873,954.4968553816352,1317.913188615138,1
168.0007103249829,0.7080742887531244,626.9700483315453,954.1640328899848,1299.675015993298,1
7.412276757897513,160.5884335670854,644.1963357685411,1114.5529252649249,1394.0873242199457,1
7.425314990218165,0.0130382323206523,485.81028910237046,1113.85997047258,1394.065037122199,1
7.352686746422956,0.0726282437952097,485.7128099048336,1112.7888149072942,1352.1406078991902,1
9.228298376535893,1.8756116301129355,326.28261772918376,1114.0795692478478,1335.3489023918537,1
130.82528206960697,121.59698369307108,447.8334404567533,1235.4803568737773,1395.2138501233208,1
134.20232861213822,3.3770465425312466,290.2232426916611,1237.260565624158,1398.3826558454598,1
136.71158096477134,2.5092523526331263,292.6277825122671,1237.8338309573069,1256.5908327975053,1
138.9037047263246,2.192123761553262,293.45375583498446,1079.5321883294555,1251.928526609622,1
139.7144342664808,0.8107295401561885,293.74392185201225,924.9977462059996,1248.2407772336471,1
139.91506294508136,0.200628678600566,293.2364762418597,920.2065245734047,1247.4005091318445,1
139.75484547771993,0.1602174673614342,132.8082601421357,777.0045959106769,1247.3611854070607,1
139.21688229092578,0.5379631867941441,133.3331850966092,619.1434741989797,1247.1931555691892,1
138.164985945604,1.0518963453217791,134.31245319813576,620.0252631029695,1247.10126810543,1
136.892198124847,1.272787820757003,133.70962938877983,459.9922471179637,1247.7891986366276,1
134.42285040849015,2.4693477163568502,14.5819934120656,462.41543386881887,1250.062350285843,1
132.67921345650498,1.7436369519851669,12.94858382151952,303.1718265131806,1250.2091494456774,1
122.13426376425076,10.544949692254235,20.98428116114063,313.61206367340776,1258.8181121184473,1
124.99630870929374,2.862044945042996,21.654202344630363,315.1079581796148,1101.186390674086,1
122.38178765921276,2.614521050080981,23.45799385455516,317.2019157065673,948.4557400605548,1
1.223152058281537,121.15863560093122,144.41600077688582,437.6524770187455,1064.6225253502907,1
1.7416057712750963,0.5184537129935596,144.77423702251792,277.5824971646536,921.7788329331948,1
2.3387399729392504,0.5971342016641539,144.83340803738795,278.16659313399714,763.9768822363675,1
4.0054590796822565,1.666719106743006,145.44823079880916,279.760683996945,765.4734939017785,1
2.9047400580741454,1.100719021608111,145.27616199966027,278.98579138844013,605.2684091176238,1
3.113785831843715,0.2090457737695694,143.01586005707298,157.59785346913858,605.431293925892,1
168.82222979570108,165.70844396385735,306.9806670689452,319.9292508904647,610.1524935821258,1
171.18820143559793,2.3659716398968555,298.8016890165878,319.7859701777285,612.4137526899956,1
131.77499139034904,39.41321004524889,335.35285411679365,357.0070564614241,650.4608122964084,1
132.8538544766305,1.0788630862814443,333.81719615299414,357.2751900075493,651.0191118595615,1
143.3611752594311,10.507320782800605,223.1658813348635,367.5818821117493,660.818358353609,1
145.88063828726948,2.519463027838384,225.1668906497084,369.9411276722263,502.749387814362,1
147.69281720150363,1.812178914234153,226.3819353622784,371.2153433996663,504.5485284962755,1
150.78933732308278,3.0965201215791467,227.8117363771145,373.2599671759236,507.57242037405945,1
153.70556064560208,2.9162233225193006,229.6272406780257,374.9034026776859,508.61303206646585,1
156.25903731684818,2.553476671246102,231.97167157550223,374.9875316325752,389.5695250446408,1
158.19904097049667,1.940003653648489,68.20323126529337,375.18389833423856,388.13248215575805,1
161.50963953976142,3.310598569264755,69.14785819466127,367.949547211249,388.93382837238966,1
163.3630004713918,1.8533609316303623,31.588009081042745,366.9408631978364,388.5950655424669,1
164.9118490857537,1.5488486143619014,32.0579946091232,365.87519076211737,389.3331846166725,1
165.9941138565898,1.0822647708361046,22.6329385971587,245.79881993202224,390.21482070890806,1
169.65178410820192,3.657670251612132,23.77114582093245,248.9380364706408,393.7122734931587,1
172.16155343414792,2.509769325945996,24.46873623264429,250.85067159492263,395.68407963231056,1
176.09106418231673,3.929510748168809,25.301726859233952,253.11346323634845,398.5616940351576,1
6.838936162144647,169.25212802017208,191.6376315568868,421.2648722349125,566.5410342345727,1
168.89479989538623,162.05586373324158,351.1400186188822,583.1116901943844,726.1275502514575,1
154.32355653742712,14.571243357959103,363.7712583231928,431.9744895884862,738.9551566574313,1
141.30071379458886,13.022842742838264,373.48350249676633,442.6313606914276,741.4330497080153,1
128.57553970796735,12.725174086621507,384.3553156517575,415.94332473280025,751.2961788495938,1
124.6021710900344,3.973368617932948,386.7798356553285,418.83783026445167,752.6550264174459,1
125.77953918538606,1.1773680953516532,386.8749389798441,409.5078775770028,632.6737589118663,1
132.27733188259853,6.497792697212475,389.7150614254445,413.48620724637686,638.6530978960852,1
149.2711146479639,16.99378276536538,404.1990748648638,428.6678110975081,655.0497464597865,1
163.2561769087509,13.985062260786975,414.25462637748194,439.556353236716,667.3680896138304,1
165.83301870271808,2.5768417939671906,247.57934015127708,439.21697170816384,668.8442123861895,1
165.2392240473687,0.5937946553493703,86.11727107338487,437.2572896922671,669.2289612677693,1
170.34942875757213,5.110204710203419,76.65623242562918,440.4274907488221,508.63072201411535,1
169.00580009697407,1.343628660598057,64.97701834338898,438.4605208401553,507.60837903481655,1
168.97954348383553,0.0262566131385426,52.27810086990601,436.6334165216636,468.2214256027063,1
170.85682079655598,1.877277312720452,50.18200956469352,436.9618452200221,469.01983982914527,1
179.01391183330986,8.157091036753883,57.16173250609575,444.0366714859398,466.6696100830985,1
177.23972092940988,1.774190903899978,52.43813071278325,442.1531921382277,465.9243379591601,1
176.5011979049355,0.7385230244743752,36.18287097189224,440.381945836756,464.8506820694004,1
176.29057454993486,0.2106233550006493,22.40843206610592,436.6630584435879,461.9647853028218,1
175.35260314816685,0.93797140176801,20.769561673906736,268.3489018251838,459.98653338207055,1
176.20978009086508,0.8571769426982314,21.0329439612556,107.15021503464048,458.2902336535227,1
177.13999178944945,0.9302116985843724,16.85295094963655,93.50918337526574,457.28044169845856,1
177.43779639627624,0.2978046068267872,15.80712689586528,80.78414523925426,454.2676477360206,1
176.75816123436024,0.6796351619159964,16.460505444642735,68.73860631454875,453.0939219663063,1
177.61381597603162,0.8556547416713727,15.438882873593656,65.62089243828717,452.4007280936157,1
179.3299979910508,1.7161820150191716,8.997973851858944,66.15970635795469,453.0346453377988,1
173.9234581307132,5.4065398603376025,12.630322808296569,65.06845352107982,454.7835149465243,1
168.03485241183253,5.888605718880655,17.78040550270285,53.96327647459509,458.1623513394589,1
163.024212555708,5.010639856124527,22.58042200382673,44.98885406993264,459.2434804474146,1
159.4899981826535,3.5342143730545104,25.176664975113223,45.94622664901996,293.52556680029704,1
174.31420252744073,14.824204344787232,39.14369237720223,60.17663633845783,146.2939074118427,1
9.227589161128948,165.08661336631178,203.30009404492964,220.1530449945662,296.8092774201954,1
168.926169632057,159.69858047092805,362.70086990903087,378.50799680489615,443.48501514828513,1
174.0052168123955,5.079047180338506,367.1002819274534,383.5607873720961,435.8388882420022,1
176.25120789321986,2.245991080824353,368.4906182666064,383.9295011402001,434.1115107048936,1
174.8194605400565,1.4317473531633595,368.20618360475055,377.2041574566096,434.3658899627053,1
173.4887043881968,1.3307561518597026,364.1303998962727,376.7607227045692,429.1988534173525,1
172.40884768627538,1.0798567019214147,359.32165087931344,377.1020563820163,413.2849273539085,1
171.6604927624974,0.7483549237779812,355.0593659469669,377.6397879507936,400.0482200168996,1
171.51659884614358,0.1438939163538179,351.66904549026617,376.8457104653794,397.61527213928616,1
171.16611270625287,0.3504861398907053,337.1953272853697,376.3390196625719,397.3719636238274,1
172.83694887471628,1.67083616846341,173.7795500875213,377.0796441324509,393.93259508208746,0
175.59567433699414,2.758725462277852,16.839695078871102,379.540564987902,395.3476918837673,0
176.47266234438254,0.8769880073884053,12.637635905921002,379.7379178333744,396.1984232780171,0
177.3536636075301,0.8810012631475672,11.272646088244215,379.76326435485066,395.2021472284442,0
177.68979329435874,0.3361296868286274,10.177028421909483,378.3832120266601,387.381185878519,0
178.64233778505155,0.9525444906928158,9.798816760742596,373.9292166570153,386.55953946531184,0
179.14775658137648,0.5054187963249319,9.224378855146114,368.5460297344596,386.3264352371624,0
179.2629082115853,0.1151516302088282,8.59117556157696,363.6505415085439,386.2309635123706,0
179.9478210154998,0.6849128039145,9.132194449137645,360.8012399394038,385.977904914517,0
179.08162075903255,0.8662002564672662,9.647908565714204,346.84323585108393,385.9869282282861,0
178.1374538385195,0.9441669205130552,8.921239317763849,182.70078940528515,386.0008834502148,0
176.77295962297626,1.3644942155432318,7.527008071029229,24.36670314990033,387.0675730589312,0
175.55318990803826,1.2197697149379962,7.86978977857882,20.50742568449982,387.6077076119533,0
174.04950365543655,1.5036862526017103,8.492474768032963,19.76512085627718,388.2557391228836,0
172.8645445775481,1.1849590778884649,9.3413041590928,19.518332581002284,387.72451618575286,0
172.67809824108028,0.1864463364678101,8.575206004867795,18.37402276561039,382.50442266188304,0
172.24011075260097,0.4379874884793082,8.507774697022171,17.732153552168285,377.05380443148175,0
171.4827415265312,0.7573692260697555,9.149992292883098,17.74116785446006,372.8005338014269,0
169.17027288626093,2.312468640270282,10.77754812923888,19.909742578376523,371.5787880686427,0
167.4936589415986,1.6766139446623356,11.58796181743395,21.23587038314816,358.4311976685178,0
165.936261407076,1.5573975345226074,12.201192431443502,21.12243174920735,194.90198183672865,0
163.2896467196059,2.646614687470077,13.483312903370347,21.010320974399576,37.85001605327068,0
162.7331592628135,0.5564874567924107,12.820030645224762,20.68982042380358,33.32745632972458,0
162.5180994838252,0.2150597789882908,11.531404171611342,20.023878939644305,31.29652502788852,0
162.4425699524978,0.0755295313274189,10.421974625050296,19.763278784143097,29.94030720605258,0
161.58692216215604,0.8556477903417488,11.091176078924237,19.66638208379203,29.465198844534623,0
160.2266102782509,1.360311883905155,12.013500474350082,20.521275171372253,29.74565402651837,0
158.57788216939042,1.6487281088604675,12.904859357140792,22.05485165002389,30.646027211600853,0
156.54697648834093,2.030905681049489,12.62329639792,23.40084452715888,32.533038976296524,0
154.94259997771695,1.604376510623979,12.551058963881644,24.1390207813156,33.7869293470298,0
153.03239982577912,1.910200151937829,12.903861581296866,25.105054012740368,34.02629333050422,0
152.0518946839381,0.9805051418410358,11.237752035667825,24.72106493903817,32.2480730100674,0
151.79329257007893,0.2586021138591547,10.939866692734569,23.75989733795933,31.62968711653815,0
151.2216496110734,0.5716429590055441,11.296449872751822,22.827854044363164,31.320328812396127,0
149.63420277314856,1.58744683792483,12.808367179349233,23.23034180439953,32.57164596349233,0
149.2615432627292,0.3726595104193677,12.325378899426852,23.416554978351087,31.99176098321888,0
148.88709503958214,0.3744482231470556,11.339515238668753,23.353015713018834,31.860790410041005,0
147.87957229151888,1.007522748063252,10.698309877871536,23.60316923501233,32.75316152789543,0
148.46342586981913,0.5838535783002499,9.251257775122298,21.8745541730423,32.65210230228118,0
148.83153032268936,0.3681044528702273,8.014985717368546,20.56604468125019,32.15400649868414,0
149.59061518572497,0.7590848630356106,6.863870428466328,19.7677320097632,31.968924441206696,0
150.51332194423358,0.9227067585086104,6.806072045133902,18.043824080801727,31.52713698417208,0
151.12464080986072,0.6113188656271404,7.158788796901888,18.098655489636457,30.91868613486122,0
151.73932680875075,0.614685998890053,7.201831836786397,18.49828170953822,30.02968588114956,0
151.99297779179858,0.2536509830478053,5.868035981909372,18.676403161258605,29.0983777863089,0
152.6733429255435,0.6803651337449139,6.175741605234919,18.50112050466177,29.592296583586005,0
154.29964898823425,1.6263060626907588,7.427599444778622,18.76711468344737,30.780615157797456,0
154.87350864223447,0.5738596540002163,6.993936350715586,17.692246228587123,30.59710558572792,0
155.06714409289762,0.1936354506631517,6.603718223078488,15.854975998200786,28.478272396120783,0
152.81660730455678,2.2505367883408383,8.486150558549099,16.501136275917645,29.05219523979929,0
152.4325105669521,0.3840967376046933,8.111162433118182,14.97503286158451,27.87889444288137,0
150.51422929754293,1.918281269409164,9.106736944018737,15.912808989152635,27.150561024820465,0
146.19372188182285,4.320507415720073,12.815925494111667,19.974714291013555,30.914580983748124,0
145.219649366907,0.9740725149158608,13.175312010137477,20.37714384692387,31.673593719675694,0
144.8722734198167,0.3473759470902848,13.269036974179954,19.137072956089327,31.94544013543856,0
145.91288505763194,1.040611637815232,13.629283478250272,19.80502508348519,32.13040398291204,0
145.70036993578037,0.2125151218515668,12.21549253741108,19.643091982189706,30.98260722085845,0
148.105816064941,2.405446129160623,14.047079012571489,21.04101536328708,31.73932524115861,0
152.00242312798645,3.896607063045451,17.750050624953786,24.353768848032274,33.60502662315457,0
154.43985534253525,2.4374322145488065,17.936946051161755,26.423096609710853,34.4380823270794,0
156.3105831285951,1.87072778605986,19.42357709961692,27.534739532735102,34.39860996120143,0
158.78962969195794,2.4790465633628287,19.984342393570586,29.09107933758932,35.89715138272322,0
160.0702978060348,1.2806681140768603,16.944503091927373,29.76042858603904,36.91921738294093,0
160.39835251649882,0.3280547104640163,16.29848528747553,29.473797297613004,36.6756291343994,0
159.49084366279942,0.9075088536993974,16.85861819408464,30.1276551682646,35.99569115017397,0
157.5679162576766,1.9229274051228344,17.740933961392244,31.37021743964252,37.54595904487744,0
154.4521397196963,3.115776537980281,20.64419537752096,32.85968791493204,40.28728735971066,0
150.9813655125196,3.470774207176703,21.70952345553704,35.756602468108525,42.75053881882411,0
146.9034839077413,4.077881604778298,21.890797997269885,39.64084862222367,46.24456684530216,0
143.14846909343348,3.755014814307828,23.208380597028903,41.14532664819066,49.63147720673976,0
8.23252238866983,134.91594670476366,156.2535995157327,175.67717661534962,183.7883390484678,0
